{
    "loadingScreen": true,
    "bedrockIfyButton": false,
    "showPositionHUD": false,
    "FPSHUD": 0,
    "heldItemTooltip": 2,
    "showPaperDoll": false,
    "showChunkMap": false,
    "reacharound": true,
    "reacharoundSneaking": false,
    "reacharoundIndicator": true,
    "reacharoundMultiplayer": true,
    "positionHUDHeight": 50,
    "screenSafeArea": 0,
    "overlayIgnoresSafeArea": false,
    "cubeMapBackground": true,
    "bedrockChat": false,
    "slotHighlight": true,
    "highLightColor1": -1,
    "highLightColor2": -9590208,
    "idleAnimation": 1.0,
    "reacharoundBlockDistance": 0.5,
    "reacharoundPitchAngle": 25,
    "bedrockRecipes": true,
    "savingOverlay": false,
    "eatingAnimations": true,
    "pickupAnimations": true,
    "expTextStyle": false,
    "quickArmorSwap": true,
    "transparentHotBar": true,
    "biggerIcons": true,
    "dyingTrees": true,
    "sneakingShield": true,
    "bedrockShading": true,
    "fireAspectLight": true,
    "disableFlyingMomentum": false
}
