{
  "trees": {
    "allowedLogs": [],
    "deniedLogs": [],
    "allowedLeaves": [],
    "allowedNonDecayLeaves": [],
    "deniedLeaves": [],
    "breakMode": "INSTANTANEOUS",
    "detectionMode": "WHOLE_TREE",
    "maxScanSize": 2048,
    "maxSize": 1024,
    "maxSizeAction": "ABORT",
    "breakOrder": "FURTHEST_FIRST",
    "minimumLeavesAroundRequired": 1,
    "includePersistentLeavesInRequiredCount": true,
    "treeBreaking": true,
    "leavesBreaking": true,
    "leavesBreakingForceRadius": 0,
    "allowMixedLogs": false,
    "breakNetherTreeWarts": true,
    "instantlyBreakWarts": false,
    "breakMangroveRoots": true,
    "searchAreaRadius": -1,
    "allowedAdjacentBlocks": [],
    "adjacentStopMode": "STOP_ALL"
  },
  "tools": {
    "allowed": [],
    "denied": [],
    "preserve": false,
    "ignoreTools": false,
    "damageMultiplicand": 1.0,
    "damageRounding": "ROUND_DOWN",
    "speedMultiplicand": 0.0
  },
  "player": {
    "allowedTags": []
  },
  "enchantment": {
    "registerEnchant": false,
    "registerSpecificEnchant": false,
    "hideEnchant": false
  },
  "sneakMode": "SNEAK_DISABLE",
  "breakInCreative": false,
  "notificationMode": "ACTION_BAR"
}
