{
  "controlsMode": "DEFAULT",
  "autoSwitchMode": true,
  "debug": false,
  "hudEnable": true,
  "hudSide": "LEFT",
  "analogMovement": true,
  "fastBlockPlacing": false,
  "flyDrifting": true,
  "verticalFlyDrifting": true,
  "horizontalReacharound": false,
  "verticalReacharound": false,
  "shouldRenderReacharoundOutline": false,
  "reacharoundOutlineColor": [
    255,
    255,
    255,
    102
  ],
  "controllerType": "DEFAULT",
  "rightDeadZone": 0.25,
  "leftDeadZone": 0.25,
  "invertRightYAxis": false,
  "invertRightXAxis": false,
  "DEFAULT_MAX_VALUE": 1.0,
  "rotationSpeed": 40.0,
  "mouseSpeed": 25.0,
  "unfocusedInput": false,
  "virtualMouse": false,
  "virtualMouseSkin": "DEFAULT_LIGHT",
  "controllerID": 0,
  "secondControllerID": -1,
  "mouseScreens": [
    "me.jellysquid.mods.sodium.client.gui",
    "net.coderbot.iris.gui",
    "net.minecraft.client.gui.screen.advancement",
    "net.minecraft.client.gui.screen.pack.PackScreen",
    "net.minecraft.class_5375",
    "net.minecraft.class_457",
    "net.minecraft.class_408",
    "me.flashyreese.mods.reeses_sodium_options.client.gui"
  ],
  "BINDINGS": {},
  "maxAnalogValues": [
    1.0,
    1.0,
    1.0,
    1.0
  ]
}
